epoch,train_loss,train_accuracy,eval_loss,eval_accuracy
0,8.19314752925526,2.272727272727273,58.50151443481445,0.01686176987929884
1,7.0,5.0,50.0,1.0
